age_range,count,percent(%)
1,54,0.0055040765841293015
2,124637,12.703918392891179
3,327758,33.40750246409355
4,268549,27.37248634428407
5,133480,13.605261897214426
6,103774,10.577408211878408
7,19363,1.9736191647869568
8,3476,0.3542994482672861
