gender,count,percent(%)
1,323725,27.674030735720166
0,846054,72.32596926427983
